Address,Status geocode,Formatted address,Latitude,Longitude,Type,Location Type,Street number,Street,Postal code,City,Country,Region,Department,Department number,Plus_Code,Plus_Code_Compound,Plus_Code_Global
"C1. Flower Bazaar Police station,chennai tamil nadu","Ok, partial match","37QJ+8MW, Rattan Bazaar Rd, Rattan Bazaar, George Town, Chennai, Tamil Nadu 600001, India",13.0883724,80.2817022,"establishment, point_of_interest, police",GEOMETRIC_CENTER,,Rattan Bazaar Road,600001,Chennai,India,Tamil Nadu,,,,,
"C2. Elephant Gate Police station,chennai tamil nadu","Ok, partial match","37VG+337, Near Elephant Gate Bridge, Adhi Andra Colony, George Town, Chennai, Tamil Nadu 600108, India",13.0926736,80.275157,"establishment, point_of_interest, police",GEOMETRIC_CENTER,,,600108,Chennai,India,Tamil Nadu,,,,,
"C3. Seven Wells Police station,chennai tamil nadu","Ok, partial match","145, Amman Koil Street, Amman Koil North, George Town, Maskan Chavadi, Amman Koil North, George Town, Chennai, Tamil Nadu 600001, India",13.0988712,80.2816759,"establishment, point_of_interest, police",GEOMETRIC_CENTER,,,600001,Chennai,India,Tamil Nadu,,,37XJ+GM,"37XJ+GM Chennai, Tamil Nadu, India",7M5237XJ+GM
"C4 Govt.Hospital Police station,chennai tamil nadu","2 found, use single geocode.","45, Adithanar Rd, Pudupet, Egmore, Chennai, Tamil Nadu 600002, India",13.068907,80.2671759,"establishment, health, hospital, point_of_interest",ROOFTOP,45,Adithanar Road,600002,Chennai,India,Tamil Nadu,,,3798+HV,"3798+HV Chennai, Tamil Nadu, India",7M523798+HV
"B2 Esplanade Police station,chennai tamil nadu","Ok, partial match","37PP+P24, Esplanade Rd, Near High Court Parrys, Parrys, George Town, Chennai, Tamil Nadu 600108, India",13.0867502,80.2850751,"establishment, point_of_interest, police",GEOMETRIC_CENTER,,Esplanade Road,600108,Chennai,India,Tamil Nadu,,,,,
"B4 High Court Police station,chennai tamil nadu","Ok, partial match","Esplanade Rd, Parrys, George Town, Chennai, Tamil Nadu 600104, India",13.0872131,80.2850952,"establishment, point_of_interest",GEOMETRIC_CENTER,,Esplanade Road,600104,Chennai,India,Tamil Nadu,,,37PP+V2,"37PP+V2 Chennai, Tamil Nadu, India",7M5237PP+V2
"B5. Harbour Police station,chennai tamil nadu","2 found, use single geocode.","Number 12, jail street, Broadway Rd, Mannadi, George Town, Chennai, Tamil Nadu 600001, India",13.0962328,80.2864936,"establishment, point_of_interest, police",GEOMETRIC_CENTER,,Broadway Road,600001,Chennai,India,Tamil Nadu,,,37WP+FH,"37WP+FH Chennai, Tamil Nadu, India",7M5237WP+FH
"B1. North Beach Police station,chennai tamil nadu","Ok, partial match","North, 37QR+X54, Beach Rd, Parrys, George Town, Chennai, Tamil Nadu 600001, India",13.089882,80.2904675,"establishment, point_of_interest, police",GEOMETRIC_CENTER,,Beach Road,600001,Chennai,India,Tamil Nadu,,,,,
"B3. Fort Police station,chennai tamil nadu","Ok, partial match","Chennai, Tamil Nadu, India",13.0826802,80.2707184,"locality, political",APPROXIMATE,,,,Chennai,India,Tamil Nadu,,,,,
"N3. Muthialpet Police station,chennai tamil nadu","Ok, partial match","12, Broadway Rd, near N 3 POLICE STATION, Muthialpet, George Town, Chennai, Tamil Nadu 600108, India",13.0998285,80.2868861,"establishment, point_of_interest, police",ROOFTOP,12,Broadway Road,600108,Chennai,India,Tamil Nadu,,,37XP+WQ,"37XP+WQ Chennai, Tamil Nadu, India",7M5237XP+WQ
"C5. Kothavalchavadi Police station,chennai tamil nadu","Ok, partial match","Kothwal Chavadi, George Town, Chennai, Tamil Nadu 600001, India",13.0933489,80.2843962,"political, sublocality, sublocality_level_2",APPROXIMATE,,,600001,Chennai,India,Tamil Nadu,,,,,
"Port Marine Police station,chennai tamil nadu","Ok, partial match","Chennai, Tamil Nadu, India",13.0826802,80.2707184,"locality, political",APPROXIMATE,,,,Chennai,India,Tamil Nadu,,,,,
"H1. Washermenpet Police station,chennai tamil nadu","Ok, partial match","No.28,T.H.Road, Old Washermanpet, Basin Bridge, Kathibada, Chennai, Tamil Nadu 600021, India",13.1086282,80.280616,"establishment, point_of_interest, police",GEOMETRIC_CENTER,,,600021,Chennai,India,Tamil Nadu,,,475J+F6,"475J+F6 Chennai, Tamil Nadu, India",7M52475J+F6
"H3. Tondiarpet Police station,chennai tamil nadu","Ok, partial match","608, Thiruvottiyur High Rd, Korukkupet, Tondiarpet, Chennai, Tamil Nadu 600081, India",13.1233037,80.2873248,"establishment, point_of_interest, police",ROOFTOP,,Thiruvottiyur High Road,600081,Chennai,India,Tamil Nadu,,,47FP+8W,"47FP+8W Chennai, Tamil Nadu, India",7M5247FP+8W
"H4. Korukkupet Police station,chennai tamil nadu","Ok, partial match","479H+2XX, Mannappa St, Meenambal Nagar, Kumaraswami Nagar, Old Washermanpet, Chennai, Tamil Nadu 600021, India",13.1176027,80.2799883,"establishment, point_of_interest, police",GEOMETRIC_CENTER,,Mannappa Street,600021,Chennai,India,Tamil Nadu,,,,,
"H6. R.K. Nagar Police station,chennai tamil nadu","Ok, partial match","47FG+QRH, Ennore High Rd, RK Nagar, Gopal Nagar, Old Washermanpet, Chennai, Tamil Nadu 600021, India",13.1244264,80.2771183,"establishment, point_of_interest, police",GEOMETRIC_CENTER,,Ennore High Road,600021,Chennai,India,Tamil Nadu,,,,,
"H2. Stanley Hospital Police station,chennai tamil nadu","Ok, partial match","Stanley Hospital, Old Jail Rd, Seven Wells North, Old Washermanpet, Chennai, Tamil Nadu 600001, India",13.1054579,80.2825334,"establishment, point_of_interest, transit_station",GEOMETRIC_CENTER,,Old Jail Road,600001,Chennai,India,Tamil Nadu,,,474M+52,"474M+52 Chennai, Tamil Nadu, India",7M52474M+52
"H8. Thiruvottiyur Police station,chennai tamil nadu","Ok, partial match","8th Street, Thiruvottiyur High Rd, Sbi Colony, Tiruvottiyur, Chennai, Tamil Nadu 600019, India",13.1540069,80.3008227,"establishment, point_of_interest, police",GEOMETRIC_CENTER,,Thiruvottiyur High Road,600019,Chennai,India,Tamil Nadu,,,5832+J8,"5832+J8 Chennai, Tamil Nadu, India",7M525832+J8
"H7. Peripheral Hospital Police station,chennai tamil nadu","Ok, partial match","36W9+7MV, 3rd Ave, Annai Sathya Nagar, Anna Nagar, Chennai, Tamil Nadu 600102, India",13.095736,80.2191814,"establishment, health, hospital, point_of_interest",GEOMETRIC_CENTER,,3rd Avenue,600102,Chennai,India,Tamil Nadu,,,,,
"H5. New Washermenpet Police station,chennai tamil nadu","2 found, use single geocode.","47QV+QVP, Thiruvottiyur High Rd, Thangal, Vasantha Nagar, Tondiarpet, Chennai, Tamil Nadu 600081, India",13.1394516,80.2947123,"establishment, point_of_interest, police",GEOMETRIC_CENTER,,Thiruvottiyur High Road,600081,Chennai,India,Tamil Nadu,,,,,
"N1. Royapuram Police station,chennai tamil nadu","Ok, partial match","46, 57, Arathoon Rd, Pudumanaikuppam, Royapuram, Chennai, Tamil Nadu 600013, India",13.1113282,80.2936028,"establishment, point_of_interest, police",ROOFTOP,57,Arathoon Road,600013,Chennai,India,Tamil Nadu,,,476V+GC,"476V+GC Chennai, Tamil Nadu, India",7M52476V+GC
"N2. Kasimedu Police station,chennai tamil nadu","Ok, partial match","Kasimedu Police Station, SH 114, Kamaraj Nagar, Royapuram, Chennai, Tamil Nadu 600081, India",13.120907,80.29358,"bus_station, establishment, point_of_interest, transit_station",GEOMETRIC_CENTER,,State Highway 114,600081,Chennai,India,Tamil Nadu,,,47CV+9C,"47CV+9C Chennai, Tamil Nadu, India",7M5247CV+9C
"N4. Fishing Harbour Police station,chennai tamil nadu","Ok, partial match","1, Surya Narayana St, Tiruchinna Kuppam, Tondiarpet, Chennai, Tamil Nadu 600081, India",13.1338906,80.2988164,"establishment, food, point_of_interest",ROOFTOP,1,Surya Narayana Street,600081,Chennai,India,Tamil Nadu,,,47MX+HG,"47MX+HG Chennai, Tamil Nadu, India",7M5247MX+HG
"M1. Madhavaram Police station,chennai tamil nadu","Ok, partial match","Madhavaram High Road, 46JQ+H52, Kanakan Chatram, Ponniammanmedu, Thiruvallur, Chennai, Tamil Nadu 600110, India",13.1313801,80.237884,"establishment, point_of_interest, police",GEOMETRIC_CENTER,,,600110,Thiruvallur,India,Tamil Nadu,,,,,
"M2. Milk Colony Police station,chennai tamil nadu","Ok, partial match","46WQ+CR9, Kumarappapuram, Madhavaram, Chennai, Tamil Nadu 600060, India",13.1460465,80.2396096,"establishment, point_of_interest, police",GEOMETRIC_CENTER,,,600060,Chennai,India,Tamil Nadu,,,,,
"M3. Puzhal Police station,chennai tamil nadu","Ok, partial match","5663+24V, NH16, New Central Jail, Puzhal, Chennai, Tamil Nadu 600066, India",13.1601194,80.2027944,"establishment, point_of_interest, police",GEOMETRIC_CENTER,,National Highway 16,600066,Chennai,India,Tamil Nadu,,,,,
"M4. Redhills Police station,chennai tamil nadu","Ok, partial match","No.1, 172A, GNT Rd, Red Hills, Padianallur, Tamil Nadu 600052, India",13.1916943,80.1851867,"establishment, point_of_interest, police",ROOFTOP,172A,GNT Road,600052,Padianallur,India,Tamil Nadu,,,55RP+M3,"55RP+M3 Padianallur, Tamil Nadu, India",7M5255RP+M3
"M5. Ennore Police station,chennai tamil nadu","Ok, partial match","Kathivakkam High Road, 6858+HG9, Ashok Leyland Area, Ennore, Ashok Leyland Area, Chennai, Tamil Nadu 600057, India",13.2089079,80.3163648,"establishment, point_of_interest, police",GEOMETRIC_CENTER,,,600057,Chennai,India,Tamil Nadu,,,,,
"M6. Manali Police station,chennai tamil nadu","Ok, partial match","Jalakanda, 5777+FC5, Mariyamman Koil St, Vimlapuram, Chinnasekkadu, Manali, Chennai, Tamil Nadu 600051, India",13.1636495,80.2636135,"establishment, point_of_interest, police",GEOMETRIC_CENTER,,Mariyamman Koil Street,600051,Chennai,India,Tamil Nadu,,,,,
"M7. Manali New Town Police station,chennai tamil nadu","Ok, partial match","Manali New Twon, 674G+MCP, Manali New Town, Chennai, Tamil Nadu 600103, India",13.2067223,80.2760683,"establishment, point_of_interest, police",GEOMETRIC_CENTER,,,600103,Chennai,India,Tamil Nadu,,,,,
"M8. Sathangadu Police station,chennai tamil nadu","Ok, partial match","M8, police station Sattangadu, Tiruvottiyur, Chennai, Tamil Nadu 600068, India",13.1750496,80.2854452,"establishment, point_of_interest, police",GEOMETRIC_CENTER,,,600068,Chennai,India,Tamil Nadu,,,57GP+25,"57GP+25 Chennai, Tamil Nadu, India",7M5257GP+25
"P1. Pulianthope Police station,chennai tamil nadu","Ok, partial match","37X5+XXW, Pattalam, Choolai, Chennai, Tamil Nadu 600012, India",13.0999823,80.2599392,"establishment, point_of_interest, police",GEOMETRIC_CENTER,,,600012,Chennai,India,Tamil Nadu,,,,,
"P2. Otteri Police station,chennai tamil nadu","Ok, partial match","4722+4JJ, Cooks Rd, Puthuvazhama Nagar, Jamalia, Chennai, Tamil Nadu 600012, India",13.1003396,80.2515167,"establishment, point_of_interest, police",GEOMETRIC_CENTER,,Cooks Road,600012,Chennai,India,Tamil Nadu,,,,,
"P4. Basin Bridge Police station,chennai tamil nadu","Ok, partial match","Police Station P4, Asirvadapuram, Pulianthope, Chennai, Tamil Nadu 600012, India",13.0952415,80.2662223,"establishment, point_of_interest, police",GEOMETRIC_CENTER,,,600012,Chennai,India,Tamil Nadu,,,37W8+3F,"37W8+3F Chennai, Tamil Nadu, India",7M5237W8+3F
"P5. MKB Nagar Police station,chennai tamil nadu","Ok, partial match","47F6+6HR, Central Ave, MKB Nagar, Mahakavi Bharathiyar Nagar Central, Mahakavi Bharathi Nagar, Vyasarpadi, Chennai, Tamil Nadu 600039, India",13.1231016,80.2613922,"establishment, point_of_interest, police",GEOMETRIC_CENTER,,Central Avenue,600039,Chennai,India,Tamil Nadu,,,,,
"P6. Kodungaiyur Police station,chennai tamil nadu","Ok, partial match","47J4+JRR, Sidco Main Rd, Kodungaiyur (East), Kaviarasu Kannadhasan Nagar, Kodungaiyur, Chennai, Tamil Nadu 600118, India",13.1316114,80.2570068,"establishment, point_of_interest, police",GEOMETRIC_CENTER,,Sidco Main Road,600118,Chennai,India,Tamil Nadu,,,,,
"P3. Vyasarpadi Police station,chennai tamil nadu","Ok, partial match","4768+H5H, Sathyamoorthy Nagar Main Rd, Block B, Kalyanapuram, Vyasarpadi, Chennai, Tamil Nadu 600039, India",13.1114447,80.2654901,"establishment, point_of_interest, police",GEOMETRIC_CENTER,,Sathyamoorthy Nagar Main Road,600039,Chennai,India,Tamil Nadu,,,,,
"K1. Sembium Police station,chennai tamil nadu","Ok, partial match","465V+7JW, Perambur High Rd, Bunder Garden, Perambur, Chennai, Tamil Nadu 600011, India",13.108245,80.2440929,"establishment, point_of_interest, police",GEOMETRIC_CENTER,,Perambur High Road,600011,Chennai,India,Tamil Nadu,,,,,
"K5. Peravallur Police station,chennai tamil nadu","Ok, partial match","466G+GFW, Siva Elango Salai, Periyar Nagar West, Perambur, Chennai, Tamil Nadu 600082, India",13.1113554,80.2262112,"establishment, point_of_interest, police",GEOMETRIC_CENTER,,Siva Elango Salai,600082,Chennai,India,Tamil Nadu,,,,,
"K9. Thiru .Vi.Ka. Nagar Police station,chennai tamil nadu","Ok, partial match","46CM+9JP, Tiru Vi Ka Nagar, Perambur, Chennai, Tamil Nadu 600011, India",13.1209646,80.2340783,"establishment, point_of_interest",GEOMETRIC_CENTER,,,600011,Chennai,India,Tamil Nadu,,,,,
"K3. Aminjikarai Police station,chennai tamil nadu","Ok, partial match","3rd Avenue, Shenoy Nagar, Anna Arch Rd, NSK Nagar, Arumbakkam, Chennai, Tamil Nadu 600106, India",13.0812048,80.2179792,"establishment, point_of_interest, police",GEOMETRIC_CENTER,,Anna Arch Road,600106,Chennai,India,Tamil Nadu,,,36J9+F5,"36J9+F5 Chennai, Tamil Nadu, India",7M5236J9+F5
"K4. Anna Nagar Police station,chennai tamil nadu","Ok, partial match","36V9+353, 6th Ave, Anna Nagar, Annanagar East, Chennai, Tamil Nadu 600040, India",13.0926344,80.217931,"establishment, point_of_interest, police",GEOMETRIC_CENTER,,6th Avenue,600040,Chennai,India,Tamil Nadu,,,,,
"K8. Arumbakkam Police station,chennai tamil nadu","Ok, partial match","MMDA Colony, Water Tank Rd, MMDA Colony, Balavinayagar Nagar, Chennai, Tamil Nadu 600106, India",13.0687214,80.213805,"establishment, point_of_interest, police",ROOFTOP,MMDA Colony,Water Tank Road,600106,Chennai,India,Tamil Nadu,,,3697+FG,"3697+FG Chennai, Tamil Nadu, India",7M523697+FG
"V3. J.J. Nagar Police station,chennai tamil nadu","Ok, partial match","35GG+J46, Valaiyapathi Salai, J J Nagar, Anna Nagar, Chennai, Tamil Nadu 600040, India",13.0765379,80.1752674,"establishment, point_of_interest, police",GEOMETRIC_CENTER,,Valaiyapathi Salai,600040,Chennai,India,Tamil Nadu,,,,,
"V5. Thirumangalam Police station,chennai tamil nadu","Ok, partial match","3-4, School Rd, D-Sector, Anna Nagar West Extension, Chennai, Tamil Nadu 600101, India",13.0932503,80.1976178,"establishment, point_of_interest, police",ROOFTOP,03-Apr,School Road,600101,Chennai,India,Tamil Nadu,,,35VX+82,"35VX+82 Chennai, Tamil Nadu, India",7M5235VX+82
"V7. Nolambur Police station,chennai tamil nadu","Ok, partial match","35GG+J46, Mogappair Eri Scheme, Mogappair East, Chennai, Tamil Nadu 600037, India",13.0765424,80.1752655,"establishment, point_of_interest, police",GEOMETRIC_CENTER,,,600037,Chennai,India,Tamil Nadu,,,,,
"K10. Koyambedu Police station,chennai tamil nadu","Ok, partial match","Koyembedu Market E Road, 3692+V44, Kaliamman Koil St, Koyambedu, Chennai, Tamil Nadu 600107, India",13.0696488,80.200326,"establishment, point_of_interest, police",GEOMETRIC_CENTER,,Kaliamman Koil Street,600107,Chennai,India,Tamil Nadu,,,,,
"T4. Maduravoyal Police station,chennai tamil nadu","Ok, partial match","Koyambedu, 358G+VMM, Poonamallee High Rd, Mulakalacheru, Vishwas Nagar, Venkateswara NAgar, Maduravoyal, Chennai, Tamil Nadu 600095, India",13.0672188,80.1766654,"establishment, point_of_interest, police",GEOMETRIC_CENTER,,Poonamallee High Road,600095,Chennai,India,Tamil Nadu,,,,,
"CMBT Police station,chennai tamil nadu","Ok, partial match","Puratchi Thalaivar Dr. M.G.R. Bus Terminus, CMBT Passenger Way, Koyambedu, Chennai, Tamil Nadu 600107, India",13.0674395,80.2054888,"bus_station, establishment, point_of_interest, transit_station",GEOMETRIC_CENTER,,CMBT Passenger Way,600107,Chennai,India,Tamil Nadu,,,3684+X5,"3684+X5 Chennai, Tamil Nadu, India",7M523684+X5
"V1. Villivakkam Police station,chennai tamil nadu","Ok, partial match","202, Chennai Tiruvallur High Rd, Konnur, Chennai, Tamil Nadu 600049, India",13.1035679,80.20631,"establishment, point_of_interest, police",ROOFTOP,202,Chennai Tiruvallur High Road,600049,Chennai,India,Tamil Nadu,,,4634+CG,"4634+CG Chennai, Tamil Nadu, India",7M524634+CG
"V4. Rajamangalam Police station,chennai tamil nadu","Ok, partial match","46C4+V4G, 2nd Main Rd, Thillai Nagar, Mahavir Nagar, Kolathur, Chennai, Tamil Nadu 600099, India",13.1221807,80.2053371,"establishment, point_of_interest, police",GEOMETRIC_CENTER,,2nd Main Road,600099,Chennai,India,Tamil Nadu,,,,,
"V6. Kolathur Police station,chennai tamil nadu","Ok, partial match","4667+3FG, 3rd St, Vasantham Nagar, Kumaran Nagar, Kolathur, Chennai, Tamil Nadu 600082, India",13.1101837,80.2137063,"establishment, point_of_interest, police",GEOMETRIC_CENTER,,3rd Street,600082,Chennai,India,Tamil Nadu,,,,,
"T1. Ambattur Police station,chennai tamil nadu","Ok, partial match","4543+W27, Duraisami St, Kamarajapuram, Ambattur, Chennai, Tamil Nadu 600053, India",13.1072865,80.1525393,"establishment, point_of_interest, police",GEOMETRIC_CENTER,,Duraisami Street,600053,Chennai,India,Tamil Nadu,,,,,
"T2. Ambattur Estate Police station,chennai tamil nadu","Ok, partial match","Sai Nagar, Ambattur Industrial Estate, 35W7+5GP, Sai Nagar, Ambattur Industrial Estate, Chennai, Tamil Nadu 600058, India",13.0954687,80.1638406,"establishment, point_of_interest, police",GEOMETRIC_CENTER,,,600058,Chennai,India,Tamil Nadu,,,,,
"T3. Korattur Police station,chennai tamil nadu","Ok, partial match","454P+VMQ, E Ave Rd, TNHB Colony, TVS Industries, Korattur, Chennai, Tamil Nadu 600080, India",13.1072152,80.1867452,"establishment, point_of_interest, police",GEOMETRIC_CENTER,,East Avenue Road,600080,Chennai,India,Tamil Nadu,,,,,
"T6. Avadi Police station,chennai tamil nadu","Ok, partial match","206, Nehru Bazar Rd, Nehru Bazaar, Vivekananda Nagar, TNHB Mig V Block, Avadi, Tamil Nadu 600054, India",13.1172786,80.1027371,"establishment, point_of_interest, police",ROOFTOP,206,Nehru Bazar Road,600054,Avadi,India,Tamil Nadu,,,4483+W3,"4483+W3 Avadi, Tamil Nadu, India",7M524483+W3
"T7. Tank Factory Police station,chennai tamil nadu","Ok, partial match","5453+7C4, HVF Tank Rd, Avadi, New Vellanur, Tamil Nadu 600154, India",13.1581305,80.1035899,"establishment, point_of_interest, police",GEOMETRIC_CENTER,,HVF Tank Road,600154,Avadi,India,Tamil Nadu,,,,,
"T10. Thirumullaivoyal Police station,chennai tamil nadu","Ok, partial match","44F8+QPM, Chennai - Tiruvallur High Rd, Evr Nagammai Nagar, Cholambedu, Avadi, Tamil Nadu 600109, India",13.1244534,80.1168068,"establishment, point_of_interest, police",GEOMETRIC_CENTER,,Chennai - Tiruvallur High Road,600109,Avadi,India,Tamil Nadu,,,,,
"T11. Thirunindravur Police station,chennai tamil nadu","Ok, partial match","42JP+GGP, Thiruninravur, Nadukuthagai, Tamil Nadu 602024, India",13.1313291,80.0363218,"establishment, point_of_interest, police",GEOMETRIC_CENTER,,,602024,Nadukuthagai,India,Tamil Nadu,,,,,
"T8. Muthapudupet Police station,chennai tamil nadu",Ok,"42WR+MM8, Main Road, Palavedu Pettai, Palavedu, Tamil Nadu 600055, India",13.146665,80.0416952,"establishment, point_of_interest, police",GEOMETRIC_CENTER,,Main Road,600055,Palavedu Pettai,India,Tamil Nadu,,,,,
"T9. Pattabiram Police station,chennai tamil nadu","Ok, partial match","43C7+R3V, Pattabiram, Tamil Nadu 600072, India",13.1221192,80.0626862,"establishment, point_of_interest, police",GEOMETRIC_CENTER,,,600072,Pattabiram,India,Tamil Nadu,,,,,
"T12. Poonamallee Police station,chennai tamil nadu","Ok, partial match","600123, Ettima Nagar, Poonamallee, Chennai, Tamil Nadu 600123, India",13.0502659,80.0909275,"establishment, point_of_interest, police",GEOMETRIC_CENTER,,,600123,Chennai,India,Tamil Nadu,,,332R+49,"332R+49 Chennai, Tamil Nadu, India",7M52332R+49
"T16. Nasaratpet Police station,chennai tamil nadu","Ok, partial match","Chennai, Tamil Nadu, India",13.0826802,80.2707184,"locality, political",APPROXIMATE,,,,Chennai,India,Tamil Nadu,,,,,
"T5. Thiruverkadu Police station,chennai tamil nadu","Ok, partial match","2, Devi Nagar 2nd St, Karumariamman Nagar, MGR Nagar, Thiruverkadu, Chennai, Tamil Nadu 600077, India",13.0739552,80.1253609,"establishment, point_of_interest, police",ROOFTOP,2,Devi Nagar 2nd Street,600077,Chennai,India,Tamil Nadu,,,34FG+H4,"34FG+H4 Chennai, Tamil Nadu, India",7M5234FG+H4
"T15. SRMC Police station,chennai tamil nadu","2 found, use single geocode.","Tower-18a, PRESTIGE BELLA VISTA, Prestige Bella Vista Rd, Moovendhar Nagar, Iyyappanthangal, Chennai, Tamil Nadu 600056, India",13.0414393,80.1331805,"establishment, point_of_interest, police",ROOFTOP,,Prestige Bella Vista Road,600056,Chennai,India,Tamil Nadu,,,24RM+H7,"24RM+H7 Chennai, Tamil Nadu, India",7M5224RM+H7
"T14. Mangadu Police station,chennai tamil nadu","Ok, partial match","24P7+4RG, 4th St, Sri Chakra Nagar, Kamatchiamman Nagar, Mangadu, Chennai, Tamil Nadu 600122, India",13.0353183,80.1145844,"establishment, point_of_interest, police",GEOMETRIC_CENTER,,4th Street,600122,Chennai,India,Tamil Nadu,,,,,
"T13. Kunrathur Police station,chennai tamil nadu","Ok, partial match","X3WR+XQ2, SH 113, Kundrathur, Sikkarayapuram, Tamil Nadu 600069, India",12.9973982,80.0918893,"establishment, point_of_interest, police",GEOMETRIC_CENTER,,State Highway 113,600069,Sikkarayapuram,India,Tamil Nadu,,,,,
"K6. TP Chathiram Police station,chennai tamil nadu","Ok, partial match","36MJ+47H, Kilpauk Garden Road, Parameswaran Nagar, Venkatasamy Nagar, Shenoy Nagar, Chennai, Tamil Nadu 600010, India",13.082818,80.2307301,"establishment, point_of_interest, police",GEOMETRIC_CENTER,,Kilpauk Garden Road,600010,Chennai,India,Tamil Nadu,,,,,
"G3. Kilpauk Police station,chennai tamil nadu","Ok, partial match","36HW+4XR, EVR Rd, New Bupathy Nagar, Egmore, Chennai, Tamil Nadu 600031, India",13.0778618,80.2474004,"establishment, point_of_interest, police",GEOMETRIC_CENTER,,EVR Road,600031,Chennai,India,Tamil Nadu,,,,,
"G7. Chetpet Police station,chennai tamil nadu","Ok, partial match","98, 14, MC Nicholas Rd, MS Colony, Mukta Gardens, Chetpet, Chennai, Tamil Nadu 600031, India",13.0707962,80.2420135,"establishment, point_of_interest, police",ROOFTOP,14,MC Nicholas Road,600031,Chennai,India,Tamil Nadu,,,36CR+8R,"36CR+8R Chennai, Tamil Nadu, India",7M5236CR+8R
"G6. KMC Hospital Police station,chennai tamil nadu","2 found, use single geocode.","2, Poonamallee High Rd, New Bupathy Nagar, Kilpauk, Chennai, Tamil Nadu 600010, India",13.0769617,80.2425186,"establishment, health, hospital, point_of_interest",ROOFTOP,2,Poonamallee High Road,600010,Chennai,India,Tamil Nadu,,,36GV+Q2,"36GV+Q2 Chennai, Tamil Nadu, India",7M5236GV+Q2
"G1. Vepery Police station,chennai tamil nadu","Ok, partial match","37P7+C2V, Jermiah Rd, Vepery, Periyamet, Chennai, Tamil Nadu 600007, India",13.0861237,80.2625574,"establishment, point_of_interest, police",GEOMETRIC_CENTER,,Jermiah Road,600007,Chennai,India,Tamil Nadu,,,,,
"G2. Periamet Police station,chennai tamil nadu","Ok, partial match","Raja Muthiah Road, 37MC+F7G, Periyamet, Kannappar Thidal, Poongavanapuram, Chennai, Tamil Nadu 600003, India",13.0836968,80.270713,"establishment, point_of_interest, police",GEOMETRIC_CENTER,,,600003,Chennai,India,Tamil Nadu,,,,,
"K2. Ayanavaram Police station,chennai tamil nadu","Ok, partial match","No. 224 Konnur High Road Tagore Nagar, Vasantha nagar, Chinna Chembarambakkam, Ayanavaram, Chennai, Tamil Nadu 600023, India",13.0989891,80.2322394,"establishment, point_of_interest, police",GEOMETRIC_CENTER,,,600023,Chennai,India,Tamil Nadu,,,36XJ+HV,"36XJ+HV Chennai, Tamil Nadu, India",7M5236XJ+HV
"K7. ICF Police station,chennai tamil nadu","Ok, partial match","36X8+G74, Gandhi Nagar Colony, Konnur, Chennai, Tamil Nadu 600038, India",13.0987535,80.2157065,"establishment, point_of_interest, police",GEOMETRIC_CENTER,,,600038,Chennai,India,Tamil Nadu,,,,,
"G4. Mental Hospital Police station,chennai tamil nadu","Ok, partial match","36MR+4PR, Davidpuram, Kilpauk, Chennai, Tamil Nadu 600010, India",13.0828684,80.2417739,"establishment, health, hospital, point_of_interest",GEOMETRIC_CENTER,,,600010,Chennai,India,Tamil Nadu,,,,,
"G5. Secretariat Colony Police station,chennai tamil nadu","Ok, partial match","26/61, Barakha Rd, Nammalwarpet, A K Swamy Nagar, Purasaiwakkam, Chennai, Tamil Nadu 600012, India",13.0913595,80.2452728,"establishment, point_of_interest, police",ROOFTOP,26/61,Barakha Road,600012,Chennai,India,Tamil Nadu,,,36RW+G4,"36RW+G4 Chennai, Tamil Nadu, India",7M5236RW+G4
"D1.Triplicane Police station,chennai tamil nadu","Ok, partial match","378F+VC9, Wallahjah Rd, Anna Salai, Triplicane, Chennai, Tamil Nadu 600005, India",13.0671575,80.2736037,"establishment, point_of_interest, police",GEOMETRIC_CENTER,,Wallahjah Road,600005,Chennai,India,Tamil Nadu,,,,,
"D8. K.G. Hospital Police station,chennai tamil nadu","Ok, partial match","Chennai, Tamil Nadu, India",13.0826802,80.2707184,"locality, political",APPROXIMATE,,,,Chennai,India,Tamil Nadu,,,,,
"D2. Annasalai Police station,chennai tamil nadu","Ok, partial match","Anna Salai, Chennai, Tamil Nadu, India",13.0429251,80.2475891,route,GEOMETRIC_CENTER,,Anna Salai,,Chennai,India,Tamil Nadu,,,,,
"D4. Zam Bazaar Police station,chennai tamil nadu","Ok, partial match","375C+J6F, Oil Monger St, Padupakkam, Triplicane, Chennai, Tamil Nadu 600014, India",13.0590676,80.270551,"establishment, point_of_interest, police",GEOMETRIC_CENTER,,Oil Monger Street,600014,Chennai,India,Tamil Nadu,,,,,
"D6. Anna Square Police station,chennai tamil nadu","Ok, partial match","378M+4PW, Navalar Nagar, Chepauk, Triplicane, Chennai, Tamil Nadu 600005, India",13.0653673,80.2843427,"establishment, point_of_interest, police",GEOMETRIC_CENTER,,,600005,Chennai,India,Tamil Nadu,,,,,
"F1. Chintadaripet Police station,chennai tamil nadu","Ok, partial match","37FC+WXJ, Arunachallam St, Chintadripet, Chennai, Tamil Nadu 600002, India",13.0748282,80.2723757,"establishment, point_of_interest, police",GEOMETRIC_CENTER,,Arunachallam Street,600002,Chennai,India,Tamil Nadu,,,,,
"F2. Egmore Police station,chennai tamil nadu","Ok, partial match","Egmore High Road, Egmore, 37F4+XPR, Egmore, Chennai, Tamil Nadu 600008, India",13.074981,80.2567665,"establishment, point_of_interest, police",GEOMETRIC_CENTER,,,600008,Chennai,India,Tamil Nadu,,,,,
"F7. Maternity Hospital Police station,chennai tamil nadu","2 found, use single geocode.","Second Floor, Zion Complex, #20, Pammal Main Rd, Muthamizh Nagar, Pammal, Chennai, Tamil Nadu 600075, India",12.971934,80.141212,"establishment, gym, health, point_of_interest, school",ROOFTOP,#20,Pammal Main Road,600075,Chennai,India,Tamil Nadu,,,X4CR+QF,"X4CR+QF Pammal, Chennai, Tamil Nadu, India",7M42X4CR+QF
"F3. Nungambakkam Police station,chennai tamil nadu","Ok, partial match","365V+V49, Valluvar Kottam High Rd, Ponnangipuram, Nungambakkam, Chennai, Tamil Nadu 600006, India",13.059662,80.2428493,"establishment, point_of_interest, police",GEOMETRIC_CENTER,,Valluvar Kottam High Road,600006,Chennai,India,Tamil Nadu,,,,,
"F4. Thousand Lights Police station,chennai tamil nadu","Ok, partial match","3753+WWR, Greams Rd, Thousand Lights East, Thousand Lights, Chennai, Tamil Nadu 600006, India",13.0598567,80.2547689,"establishment, point_of_interest, police",GEOMETRIC_CENTER,,Greams Road,600006,Chennai,India,Tamil Nadu,,,,,
"R5. Choolaimedu Police station,chennai tamil nadu","Ok, partial match","25XX+VMH, Abbusali St, Saligramam, Chennai, Tamil Nadu 600093, India",13.0496952,80.1992196,"establishment, point_of_interest, police",GEOMETRIC_CENTER,,Abbusali Street,600093,Chennai,India,Tamil Nadu,,,,,
"E1. Mylapore Police station,chennai tamil nadu","Ok, partial match","27P9+8X3, Kutchery Rd, Madhavaperumalpuram, Mylapore, Chennai, Tamil Nadu 600004, India",13.0357746,80.2699354,"establishment, point_of_interest, police",GEOMETRIC_CENTER,,Kutchery Road,600004,Chennai,India,Tamil Nadu,,,,,
"E5. Foreshore Estate Police station,chennai tamil nadu","Ok, partial match","Foreshore Estate, Chennai, Tamil Nadu, India",13.0247308,80.2774294,"political, sublocality, sublocality_level_1",APPROXIMATE,,,,Chennai,India,Tamil Nadu,,,,,
"D5. Marina Police station,chennai tamil nadu","Ok, partial match","27QH+MPC, Kamarj Salai, नोची नगर, Mylapore, Chennai, Tamil Nadu 600004, India",13.0391818,80.2792719,"establishment, point_of_interest, police",GEOMETRIC_CENTER,,,600004,Chennai,India,Tamil Nadu,,,,,
"E4. Abiramapuram Police station,chennai tamil nadu","Ok, partial match","27F3+72C, Pasumpon Muthuramalinga Thevar Rd, RA Puram, Thideer Nagar, Chennai, Tamil Nadu 600028, India",13.0231823,80.2525266,"establishment, point_of_interest, police",GEOMETRIC_CENTER,,Pasumpon Muthuramalinga Thevar Road,600028,Chennai,India,Tamil Nadu,,,,,
"J2. Kotturpuram Police station,chennai tamil nadu","Ok, partial match","268R+WFP, Duraisamy Nagar, Kotturpuram, Chennai, Tamil Nadu 600085, India",13.0173383,80.2412147,"establishment, point_of_interest, police",GEOMETRIC_CENTER,,,600085,Chennai,India,Tamil Nadu,,,,,
"E2. Royapettah Police station,chennai tamil nadu","2 found, use single geocode.","Royapettah Police Station, Royapettah High Rd, Ganapathy Colony, Royapettah, Chennai, Tamil Nadu 600014, India",13.051897,80.263953,"bus_station, establishment, point_of_interest, transit_station",GEOMETRIC_CENTER,,Royapettah High Road,600014,Chennai,India,Tamil Nadu,,,3727+QH,"3727+QH Chennai, Tamil Nadu, India",7M523727+QH
"D3. Ice House Police station,chennai tamil nadu","Ok, partial match","1, Dr Natesan Rd, Mirsahibpet, Triplicane, Chennai, Tamil Nadu 600005, India",13.0521549,80.2739286,"establishment, point_of_interest, police",ROOFTOP,1,Doctor Natesan Road,600005,Chennai,India,Tamil Nadu,,,372F+VH,"372F+VH Chennai, Tamil Nadu, India",7M52372F+VH
"E-6 Govt. Royapettah Hosp Police station,chennai tamil nadu","Ok, partial match","GOVERNMENT ROYAPETTAH HOSPITAL, Royapettah, Chennai, Tamil Nadu 600014",13.0546987,80.265062,premise,GEOMETRIC_CENTER,,,600014,Chennai,India,Tamil Nadu,,,,,
"S1. St.Thomas Mount Police station,chennai tamil nadu","Ok, partial match","Railway Station Road, X6X2+M27, सदर्न रेलवे, Alandur, Chennai, Tamil Nadu 600016, India",12.9991583,80.2000434,"establishment, point_of_interest, police",GEOMETRIC_CENTER,,सदर्न रेलवे,600016,Chennai,India,Tamil Nadu,,,,,
"S4. Nandampakkam Police station,chennai tamil nadu","Ok, partial match","23, Mount Poonamallee Rd, IDPL Colony, Tulasingapuram, Nandambakkam, Tamil Nadu 600089, India",13.0160993,80.1894138,"establishment, point_of_interest, police",ROOFTOP,23,Mount Poonamallee Road,600089,Nandambakkam,India,Tamil Nadu,,,258Q+CQ,"258Q+CQ Nandambakkam, Tamil Nadu, India",7M52258Q+CQ
"S9. Palavanthangal Police station,chennai tamil nadu","Ok, partial match","Palavanthangal, X5MP+P7X, Nanganallur, Chennai, Tamil Nadu 600061, India",12.9843513,80.1857399,"establishment, point_of_interest, police",GEOMETRIC_CENTER,,,600061,Chennai,India,Tamil Nadu,,,,,
"S2. Airport Police station,chennai tamil nadu",Ok,"S2 Airport Police Station, Chennai - Theni Hwy, Meenambakkam, Chennai, Tamil Nadu 600016, India",12.9803468,80.1608827,premise,GEOMETRIC_CENTER,,Chennai - Theni Highway,600016,Chennai,India,Tamil Nadu,,,,,
"S3. Meenambakkam Police station,chennai tamil nadu","Ok, partial match","X5PF+HX2, Meenambakkam, Chennai, Tamil Nadu 600027, India",12.9863982,80.1748837,"establishment, point_of_interest, police",GEOMETRIC_CENTER,,,600027,Chennai,India,Tamil Nadu,,,,,
"S5. Pallavaram Police station,chennai tamil nadu","Ok, partial match","X4CX+M9W, Pallavaram, Chennai, Tamil Nadu 600043, India",12.9717356,80.1484656,"establishment, point_of_interest, police",GEOMETRIC_CENTER,,,600043,Chennai,India,Tamil Nadu,,,,,
"S6. Sankar Nagar Police station,chennai tamil nadu","Ok, partial match","No 16, 22nd St, Shankar Nagar, Pammal, Chennai, Tamil Nadu 600075, India",12.9682247,80.1249287,"establishment, point_of_interest, police",ROOFTOP,No 16,22nd Street,600075,Chennai,India,Tamil Nadu,,,X49F+7X,"X49F+7X Pammal, Chennai, Tamil Nadu, India",7M42X49F+7X
"S11. Tambaram Police station,chennai tamil nadu","Ok, partial match","Tambaram, Chennai, Tamil Nadu, India",12.9249308,80.1000026,"political, sublocality, sublocality_level_1",APPROXIMATE,,,,Chennai,India,Tamil Nadu,,,,,
"S13. Chrompet Police station,chennai tamil nadu","2 found, use single geocode.","X43R+7GC, Chennai - Theni Hwy, Shastri Colony, Chromepet, Chennai, Tamil Nadu 600044, India",12.9531884,80.1412521,"establishment, point_of_interest, police",GEOMETRIC_CENTER,,Chennai - Theni Highway,600044,Chennai,India,Tamil Nadu,,,,,
"S15. Selaiyur Police station,chennai tamil nadu","Ok, partial match","W4FP+432, Velachery Rd, Aarthi Nagar, Selaiyur, Chennai, Tamil Nadu 600059, India",12.9227672,80.1351312,"establishment, point_of_interest, police",GEOMETRIC_CENTER,,Velachery Road,600059,Chennai,India,Tamil Nadu,,,,,
"S12. Chitlapakkam Police station,chennai tamil nadu","Ok, partial match","W4QQ+V6H, Jothi Nagar, Chitlapakkam, Chennai, Tamil Nadu 600064, India",12.9396935,80.1380949,"establishment, point_of_interest, police",GEOMETRIC_CENTER,,,600064,Chennai,India,Tamil Nadu,,,,,
"S14. Peerkankaranai Police station,chennai tamil nadu","Ok, partial match","24, Kamaraj Nagar, New Perungalathur, Chennai, Tamil Nadu 600063, India",12.9055078,80.0976706,"establishment, point_of_interest, police",ROOFTOP,,,600063,Chennai,India,Tamil Nadu,,,W34X+63,"W34X+63 Chennai, Tamil Nadu, India",7M42W34X+63
"S7. Madipakkam Police station,chennai tamil nadu","Ok, partial match","13, Big St, Arulmurugan Nagar Extention, Ranga Nagar, Keelkattalai, Chennai, Tamil Nadu 600117, India",12.9560048,80.1853197,"establishment, point_of_interest, police",ROOFTOP,13,Big Street,600117,Chennai,India,Tamil Nadu,,,X54P+C4,"X54P+C4 Chennai, Tamil Nadu, India",7M42X54P+C4
"S8. Adambakkam Police station,chennai tamil nadu","Ok, partial match","20th Street, 2nd Cross St, Dr.Ambedkar Nagar, Velachery, Chennai, Tamil Nadu 600042, India",12.9895187,80.2088253,"establishment, point_of_interest",ROOFTOP,20th Street,2nd Cross Street,600042,Chennai,India,Tamil Nadu,,,X6Q5+RG,"X6Q5+RG Chennai, Tamil Nadu, India",7M42X6Q5+RG
"S10. Pallikaranai Police station,chennai tamil nadu","Ok, partial match","Range, W58V+RXG, Velachery - Tambaram Main Rd, Ambedkar Nagar, Jalladianpet, Madipakkam, Chennai, Tamil Nadu 600100, India",12.9170704,80.1949418,"establishment, point_of_interest, police",GEOMETRIC_CENTER,,Velachery - Tambaram Main Road,600100,Chennai,India,Tamil Nadu,,,,,
"J2. Adyar Police station,chennai tamil nadu","Ok, partial match","X7X4+47F, Dr Muthu Lakshmi Rd, Indira Nagar, Adyar, Chennai, Tamil Nadu 600020, India",12.9978136,80.2556662,"establishment, point_of_interest, police",GEOMETRIC_CENTER,,Doctor Muthu Lakshmi Road,600020,Chennai,India,Tamil Nadu,,,,,
"J5. Sastri Nagar Police station,chennai tamil nadu","Ok, partial match","Near Besant Nagar Bus Terminus, 1st Avenue Service Road, Custom Colony, Besant Nagar, Custom Colony, Besant Nagar, Chennai, Tamil Nadu 600090, India",13.0006098,80.2659112,"establishment, point_of_interest, police",GEOMETRIC_CENTER,,,600090,Chennai,India,Tamil Nadu,,,2728+69,"2728+69 Chennai, Tamil Nadu, India",7M522728+69
"J1. Saidapet Police station,chennai tamil nadu","Ok, partial match","49/1, Anna Salai, West Saidapet, Saidapet, Chennai, Tamil Nadu 600015, India",13.0223505,80.2261188,"establishment, point_of_interest, police",ROOFTOP,49/1,Anna Salai,600015,Chennai,India,Tamil Nadu,,,26CG+WC,"26CG+WC Chennai, Tamil Nadu, India",7M5226CG+WC
"R6. Kumaran Nagar Police station,chennai tamil nadu","Ok, partial match","26H8+7JV, 3rd St, Ragavan Colony, Mettuppalayam, Ashok Nagar, Chennai, Tamil Nadu 600083, India",13.0282473,80.2165603,"establishment, point_of_interest, police",GEOMETRIC_CENTER,,3rd Street,600083,Chennai,India,Tamil Nadu,,,,,
"J3. Guindy Police station,chennai tamil nadu","Ok, partial match","2656+Q73, Alandur Rd, Guindy Industrial Estate, SIDCO Industrial Estate, Guindy, Chennai, Tamil Nadu 600032, India",13.0093762,80.2106595,"establishment, point_of_interest, police",GEOMETRIC_CENTER,,Alandur Road,600032,Chennai,India,Tamil Nadu,,,,,
"J7. Velachery Police station,chennai tamil nadu","Ok, partial match","1, Velachery Rd, Velachery, Chennai, Tamil Nadu 600042, India",12.9809605,80.2208596,"establishment, point_of_interest, police",ROOFTOP,1,Velachery Road,600042,Chennai,India,Tamil Nadu,,,X6JC+98,"X6JC+98 Chennai, Tamil Nadu, India",7M42X6JC+98
"J6. Thiruvanmiyur Police station,chennai tamil nadu","Ok, partial match","X7M6+Q9X, Sannadi St, Lalitha Nagar, Thiruvanmiyur, Chennai, Tamil Nadu 600041, India",12.9844943,80.2609848,"establishment, point_of_interest, police",GEOMETRIC_CENTER,,Sannadi Street,600041,Chennai,India,Tamil Nadu,,,,,
"J13. Taramani Police station,chennai tamil nadu","Ok, partial match","X6VV+V5X, Nehru St, Kanagam, Tharamani, Chennai, Tamil Nadu 600113, India",12.994747,80.2429914,"establishment, point_of_interest, police",GEOMETRIC_CENTER,,Nehru Street,600113,Chennai,India,Tamil Nadu,,,,,
"J9. Thoraipakkam Police station,chennai tamil nadu","Ok, partial match","Rajiv Gandhi Salai, W6VP+HJJ, Pillaiyar Koil St, Jothi Nagar, Thoraipakkam, Chennai, Tamil Nadu 600097, India",12.9439555,80.236508,"establishment, point_of_interest, police",GEOMETRIC_CENTER,,Pillaiyar Koil Street,600097,Thoraipakkam,India,Tamil Nadu,,,,,
"J10. Chemmanchery Police station,chennai tamil nadu","Ok, partial match","35, OMR, Rajiv Gandhi Salai, Ezhil Nagar, Sholinganallur, Chennai, Tamil Nadu 600119, India",12.9005906,80.2281071,"establishment, point_of_interest, police",ROOFTOP,OMR,Rajiv Gandhi Salai,600119,Chennai,India,Tamil Nadu,,,W62H+66,"W62H+66 Chennai, Tamil Nadu, India",7M42W62H+66
"J11. Kannagi Nagar Police station,chennai tamil nadu","Ok, partial match","3941, 25th Main Rd, Kannagi Nagar, Thoraipakkam, Chennai, Tamil Nadu 600097, India",12.9318925,80.238449,"establishment, point_of_interest, police",ROOFTOP,3941,25th Main Road,600097,Thoraipakkam,India,Tamil Nadu,,,W6JQ+Q9,"W6JQ+Q9 Thoraipakkam, Tamil Nadu, India",7M42W6JQ+Q9
"J8. Neelangari Police station,chennai tamil nadu","Ok, partial match","221, SH 49, Saraswathi Nagar, Neelankarai, Chennai, Tamil Nadu 600115, India",12.9476287,80.2539976,"establishment, point_of_interest, police",ROOFTOP,221,State Highway 49,600115,Chennai,India,Tamil Nadu,,,W7X3+3H,"W7X3+3H Chennai, Tamil Nadu, India",7M42W7X3+3H
"J12. Kannathur Police station,chennai tamil nadu","2 found, use single geocode.","V68V+GV9, Uthandi, Kanathur, Chennai, Tamil Nadu 600119, India",12.8662835,80.2447433,"establishment, point_of_interest",GEOMETRIC_CENTER,,,600119,Kanathur,India,Tamil Nadu,,,,,
"R1. Mambalam Police station,chennai tamil nadu","Ok, partial match","No 1, Madley Road, T Nagar, Asoka Nagar, T. Nagar, Chennai, Tamil Nadu 600017, India",13.0350103,80.229475,"establishment, point_of_interest, police",GEOMETRIC_CENTER,,,600017,Chennai,India,Tamil Nadu,,,26PH+2Q,"26PH+2Q Chennai, Tamil Nadu, India",7M5226PH+2Q
"R4. Soundarapandiyanar Police station,chennai tamil nadu","Ok, partial match","Chennai, Tamil Nadu, India",13.0826802,80.2707184,"locality, political",APPROXIMATE,,,,Chennai,India,Tamil Nadu,,,,,
"angadi (Pondi bazaar) Police station,chennai tamil nadu","Ok, partial match","Pondy Bazaar, Parthasarathi Puram, T. Nagar, Chennai, Tamil Nadu 600017, India",13.0398891,80.2368745,"political, sublocality, sublocality_level_3",APPROXIMATE,,,600017,Chennai,India,Tamil Nadu,,,,,
"R8. Vadapalani Police station,chennai tamil nadu","Ok, partial match","283, Arcot Rd, Ottagapalayam, Somasundara Bharathi Nagar, Vadapalani, Chennai, Tamil Nadu 600026, India",13.0495655,80.2116956,"establishment, point_of_interest, police",ROOFTOP,283,Arcot Road,600026,Chennai,India,Tamil Nadu,,,26X6+RM,"26X6+RM Chennai, Tamil Nadu, India",7M5226X6+RM
"R5. Virugambakkam Police station,chennai tamil nadu","Ok, partial match","25XX+VMH, Abbusali St, Saligramam, Chennai, Tamil Nadu 600093, India",13.0496952,80.1992196,"establishment, point_of_interest, police",GEOMETRIC_CENTER,,Abbusali Street,600093,Chennai,India,Tamil Nadu,,,,,
"R9. Valasaravakkam Police station,chennai tamil nadu","Ok, partial match","25VG+8CQ, Seenirkuppam Road, Devikarumariamman Nagar, Valasaravakkam, Chennai, Tamil Nadu 600087, India",13.0433281,80.1761225,"establishment, point_of_interest, police",GEOMETRIC_CENTER,,Seenirkuppam Road,600087,Chennai,India,Tamil Nadu,,,,,
"R11. Royala nagar Police station,chennai tamil nadu","Ok, partial match","25JH+QF4, Bharathi Salai, Andavar Nagar, Thiruvalluvar Nagar, Ramapuram, Chennai, Tamil Nadu 600083, India",13.0318896,80.1786947,"establishment, point_of_interest, police",GEOMETRIC_CENTER,,Bharathi Salai,600083,Chennai,India,Tamil Nadu,,,,,
"R3. Ashok Nagar Police station,chennai tamil nadu","Ok, partial match","26V8+HWP, 2nd St, Raghavan Colony, Kodambakkam, Chennai, Tamil Nadu 600024, India",13.0439646,80.2173305,"establishment, point_of_interest, police",GEOMETRIC_CENTER,,2nd Street,600024,Chennai,India,Tamil Nadu,,,,,
"R7. K.K. Nagar Police station,chennai tamil nadu","Ok, partial match","85, PT Rajan Rd, Sector 13 Jeevanantham Salai, Sector 2, K. K. Nagar, Chennai, Tamil Nadu 600083, India",13.0420011,80.2063773,"establishment, point_of_interest, police",ROOFTOP,85,PT Rajan Road,600083,Chennai,India,Tamil Nadu,,,26R4+RH,"26R4+RH Chennai, Tamil Nadu, India",7M5226R4+RH
"R10. MGR Nagar Police station,chennai tamil nadu","Ok, partial match","26J2+CMX, Guru Siva St, Sapthagiri Colony, West Jafferkhanpet, Chennai, Tamil Nadu 600083, India",13.0311075,80.2017321,"establishment, point_of_interest, police",GEOMETRIC_CENTER,,Guru Siva Street,600083,Chennai,India,Tamil Nadu,,,,,
"E3. Teynampet Police station,chennai tamil nadu","Ok, partial match","494, Anna Salai, JJ Nagar, Teynampet, Chennai, Tamil Nadu 600006, India",13.0395894,80.2451998,"establishment, point_of_interest, police",ROOFTOP,494,Anna Salai,600006,Chennai,India,Tamil Nadu,,,26QW+R3,"26QW+R3 Chennai, Tamil Nadu, India",7M5226QW+R3
"R2. Kodambakkam Police station,chennai tamil nadu","Ok, partial match","4/23, Kamarajar Colony, Dr.Subbaraya Nagar, Kodambakkam, Chennai, Tamil Nadu 600024, India",13.0512074,80.2191968,"establishment, point_of_interest, police",ROOFTOP,,,600024,Chennai,India,Tamil Nadu,,,3629+FM,"3629+FM Chennai, Tamil Nadu, India",7M523629+FM